[
  {
    "id": 1,
    "name": "阻止常见攻击端口",
    "action": "block",
    "ports": [
      23,
      135,
      139,
      445,
      1433,
      3306,
      5432
    ],
    "enabled": true
  },
  {
    "id": 2,
    "name": "阻止已知恶意IP",
    "action": "block",
    "ips": [],
    "enabled": true
  },
  {
    "id": 3,
    "name": "允许HTTP/HTTPS",
    "action": "allow",
    "ports": [
      80,
      443,
      8080
    ],
    "enabled": true
  },
  {
    "id": 4,
    "name": "阻止SYN Flood攻击",
    "action": "block",
    "attack_type": "syn_flood",
    "enabled": true
  },
  {
    "id": 5,
    "name": "阻止端口扫描",
    "action": "block",
    "attack_type": "port_scan",
    "enabled": true
  }
]