[
  {
    "id": 1,
    "name": "SQL注入检测",
    "attack_type": "sql_injection",
    "severity": "high",
    "enabled": true
  },
  {
    "id": 2,
    "name": "XSS攻击检测",
    "attack_type": "xss",
    "severity": "high",
    "enabled": true
  },
  {
    "id": 3,
    "name": "命令注入检测",
    "attack_type": "command_injection",
    "severity": "critical",
    "enabled": true
  },
  {
    "id": 4,
    "name": "路径遍历检测",
    "attack_type": "path_traversal",
    "severity": "high",
    "enabled": true
  },
  {
    "id": 5,
    "name": "暴力破解检测",
    "attack_type": "brute_force",
    "severity": "medium",
    "enabled": true
  }
]